addressid,wp_address_id,voter_id_number,fullname,first_name,number,address,fullstname,apt,party_affiliation,age_on_election_day,ward,precinct,occupation,nationality,party_name,gender,lat,lon,form_id,canvass_list,l2_voters_statevoterid,l2_voters_sequenceoddeven,l2_voters_age,l2_ethnic_description,l2_voterparties_change_changed_party,l2_vote_frequency,l2_residence_addresses_addressline,l2_votertelephones_cellphoneformatted,l2_votertelephones_cellconfidencecode,l2_votertelephones_landlineformatted,l2_votertelephones_landlineconfidencecode,l2_parties_description,l2_residence_hhparties_description,l2_fullname,house_contacted,tmp,target,which_school
10066558,4410066558,04TKN0988000,KRISTEN TURPIN,KRISTEN,58.0,58 ADAMS AVE,ADAMS AVE, ,D,37.0,4.0,4.0,TEACHER, ,Democratic Party,female,42.35948671298367,-71.23674937,4428.0,,04TKN0988000,362458220.0,37.0,English/Welsh,,6.0,58 Adams Ave,(970) 232-8952,1.0,,,Democratic,Democratic,Kristen Turpin,0,58 ADAMS AVE,1,FRANKLIN ELEMENTARY
100665160,33100665160,06DDE0360001,DENISE DISEGLIO,DENISE,160.0,160 ADAMS AVE,ADAMS AVE, ,U,65.0,3.0,3.0,SOCIAL WORKER, , ,female,42.35814741439512,-71.23252633,331.0,,,,,,,,,,,,,,,,0,,1,FRANKLIN ELEMENTARY
100665161,33100665161,11GMN0350000,MAUREEN GORDON,MAUREEN,161.0,161 ADAMS AVE,ADAMS AVE, ,U,75.0,3.0,3.0,TEACHER, , ,female,42.35781877335158,-71.23263738,332.0,,,,,,,,,,,,,,,,0,,1,FRANKLIN ELEMENTARY
100665235,33100665235,10NCE1876001,CAROLINE BELL,CAROLINE,235.0,235 ADAMS AVE,ADAMS AVE, ,D,49.0,3.0,3.0,TEACHER, ,Democratic Party,female,42.35694860516465,-71.22946639,3320.0,,10NCE1876001,362449539.0,48.0,Scots,,6.0,235 Adams Ave,,,(617) 244-2048,2.0,Democratic,Democratic & Independent,Caroline Bell,0,235 ADAMS AVE,1,FRANKLIN ELEMENTARY
10356166,8310356166,11KAE2570000,ANNE KALIS,ANNE,66.0,66 ANDREW ST,ANDREW ST, ,D,54.0,8.0,3.0,TEACHER, ,Democratic Party,female,42.31329063,-71.20493273,8324.0,,11KAE2570000,362484545.0,54.0,Polish,,6.0,66 Andrew St,,,(617) 916-2107,2.0,Democratic,Democratic & Independent,Anne Kalis,0,66 ANDREW ST,1,COUNTRYSIDE
10855817,1310855817,12SNE1783000,NICOLE SAPIENZA,NICOLE,17.0,17 BALDWIN ST,BALDWIN ST, ,R,41.0,1.0,3.0,TEACHER ASST, ,Republican Party,female,42.355625077504286,-71.18475953,1330.0,,,,,,,,,,,,,,,,0,,1,UNDERWOOD
11046831,5311046831,09FSN2658001,SOLOMON FRIEDBERG,SOLOMON,31.0,31 BEETHOVEN AVE,BEETHOVEN AVE, ,U,67.0,5.0,3.0,PROFESSOR, , ,male,42.32940653,-71.21876307,53133.0,,,,,,,,,,,,,,,,0,,1,ZERVAS
110468114,53110468114,10BRN0494000,ROBIN BERK,ROBIN,114.0,114 BEETHOVEN AVE,BEETHOVEN AVE, ,D,31.0,5.0,3.0,SOCIAL WORKER, ,Democratic Party,mostly_male,42.326719891692896,-71.21883253,53116.0,,,,,,,,,,,,,,,,0,,1,ZERVAS
110468130,53110468130,04DKN1681000,KRISTIN JONASH,KRISTIN,130.0,130 BEETHOVEN AVE,BEETHOVEN AVE, ,D,44.0,5.0,3.0,SOCIAL WORKER, ,Democratic Party,female,42.32618587335986,-71.21922202,53118.0,,,,,,,,,,,,,,,,0,,1,ZERVAS
110468195,53110468195,01ADI0147000,DIMITRI ANTONIADIS,DIMITRI,195.0,195 BEETHOVEN AVE,BEETHOVEN AVE, ,U,78.0,5.0,3.0,PROFESSOR, , ,male,42.324256354888234,-71.22073022,53126.0,,,,,,,,,,,,,,,,0,,1,ZERVAS
110468203,53110468203,03GJH2449001,JUDITH GORDON,JUDITH,203.0,203 BEETHOVEN AVE,BEETHOVEN AVE, ,D,76.0,5.0,3.0,PROFESSOR, ,Democratic Party,female,42.32397352598278,-71.22091799,53129.0,,03GJH2449001,362464077.0,76.0,English/Welsh,,7.0,203 Beethoven Ave,(617) 840-7108,3.0,,,Democratic,Democratic & Independent,Judith Gordon,0,203 BEETHOVEN AVE,1,ZERVAS
110468203,53110468203,08GSN2448000,STEVEN GORDON,STEVEN,203.0,203 BEETHOVEN AVE,BEETHOVEN AVE, ,U,77.0,5.0,3.0,PROFESSOR, , ,male,42.32397352598278,-71.22091799,53129.0,,,,,,,,,,,,,,,,0,,1,ZERVAS
111665114,32111665114,11PSA2178001,SARA DEMEDEIROS,SARA,114.0,114 BERKELEY ST,BERKELEY ST, ,D,46.0,3.0,2.0,EDUCATOR, ,Democratic Party,female,42.34119703246477,-71.22887586,3238.0,,11PSA2178001,362447657.0,46.0,,,7.0,114 Berkeley St,,,,,Democratic,Democratic & Independent,Sara Demedeiros,0,114 BERKELEY ST,1,PEIRCE
111665122,32111665122,07SRL2197000,RACHEL SCHINDLER,RACHEL,122.0,122 BERKELEY ST,BERKELEY ST, ,D,28.0,3.0,2.0,PSYCHOTHERAPIST, ,Democratic Party,female,42.34130046113564,-71.22918327,3239.0,,,,,,,,,,,,,,,,0,,1,PEIRCE
111665173,32111665173,09MRT2754002,ROBERT MARGO,ROBERT,173.0,173 BERKELEY ST,BERKELEY ST, ,D,71.0,3.0,2.0,PROFESSOR, ,Democratic Party,male,42.34284059563518,-71.23030556,3246.0,,09MRT2754002,362447693.0,70.0,Italian,,7.0,173 Berkeley St,,,,,Democratic,Democratic,Robert Margo,0,173 BERKELEY ST,1,PEIRCE
111665173,32111665173,11BLE1051000,LEE BRECKENRIDGE,LEE,173.0,173 BERKELEY ST,BERKELEY ST, ,D,73.0,3.0,2.0,PROFESSOR, ,Democratic Party,mostly_male,42.34284059563518,-71.23030556,3246.0,,11BLE1051000,362447692.0,73.0,Scots,,7.0,173 Berkeley St,,,,,Democratic,Democratic,Lee Breckenridge,0,173 BERKELEY ST,1,PEIRCE
11495935,6411495935,09WAE2866000,ANNE WEISS,ANNE,35.0,35 BOWEN ST,BOWEN ST, ,D,59.0,6.0,4.0,PSYCHOTHERAPIST, ,Democratic Party,female,42.33376019580381,-71.19507266,6476.0,,,,,,,,,,,,,,,,0,,1,MASON-RICE
11545922,6411545922,05WRH1071000,RANDOLPH WATNICK,RANDOLPH,22.0,22 BRACEBRIDGE RD,BRACEBRIDGE RD, ,U,54.0,6.0,4.0,PROFESSOR, , ,male,42.33204416395435,-71.20108286,6483.0,,,,,,,,,,,,,,,,0,,1,MASON-RICE
11545938,6411545938,02SAI2061001,ANDREI SHLEIFER,ANDREI,38.0,38 BRACEBRIDGE RD,BRACEBRIDGE RD, ,U,64.0,6.0,4.0,PROFESSOR, , ,male,42.33178317,-71.20098806,6485.0,,,,,,,,,,,,,,,,0,,1,MASON-RICE
117659199,82117659199,02BLE1858003,LAWRENCE BOBO,LAWRENCE,199.0,199 BROOKLINE ST,BROOKLINE ST, ,D,67.0,8.0,2.0,PROFESSOR, ,Democratic Party,male,42.30344308723753,-71.17594633,8296.0,,,,,,,,,,,,,,,,0,,1,MEMORIAL SPAULDING
117659200,82117659200,01OAA1666000,ARIA OLUMI,ARIA,200.0,200 BROOKLINE ST,BROOKLINE ST, ,D,59.0,8.0,2.0,MENTAL HEALTH , ,Democratic Party,female,42.30358422041511,-71.1764228,8297.0,,,,,,,,,,,,,,,,0,,1,MEMORIAL SPAULDING
117659269,82117659269,08EAA2550000,ANDREA EDSON,ANDREA,269.0,269 BROOKLINE ST,BROOKLINE ST, ,D,75.0,8.0,2.0,TEACHER, ,Democratic Party,female,42.301125968909474,-71.17715647,82103.0,,,,,,,,,,,,,,,,0,,1,MEMORIAL SPAULDING
117659269,82117659269,12GHR2783000,HEATHER GILBERT,HEATHER,269.0,269 BROOKLINE ST,BROOKLINE ST, ,D,41.0,8.0,2.0,TEACHER, ,Democratic Party,female,42.301125968909474,-71.17715647,82103.0,,,,,,,,,,,,,,,,0,,1,MEMORIAL SPAULDING
117659343,82117659343,12SZA2759000,ZOLA SHUMAN,ZOLA,343.0,343 BROOKLINE ST,BROOKLINE ST, ,U,65.0,8.0,2.0,TEACHER, , ,female,42.29996139968844,-71.18199575,82113.0,,,,,,,,,,,,,,,,0,,1,MEMORIAL SPAULDING
117659459,84117659459,08SCL0349000,CAROL STEINBERG,CAROL,459.0,459 BROOKLINE ST,BROOKLINE ST, ,U,76.0,8.0,4.0,PSYCHOLOGIST, , ,mostly_female,42.299540422330914,-71.18556451,8440.0,,,,,,,,,,,,,,,,0,,1,MEMORIAL SPAULDING
12556526,3412556526,08TMA1652000,MICHELA TRAMONTOZZI,MICHELA,26.0,26 CHERRY ST,CHERRY ST, ,U,73.0,3.0,4.0,SCHOOL, , ,female,42.36325106560729,-71.2263746,34107.0,3A2.2,,,,,,,,,,,,,,,0,,1,FRANKLIN ELEMENTARY
125565113,34125565113,02BRA2659000,ROSA BUFFONE,ROSA,113.0,113 CHERRY ST,CHERRY ST, ,D,66.0,3.0,4.0,PSYCHOTHERAPIST, ,Democratic Party,female,42.360328169978395,-71.2270412,3485.0,3A2.1,02BRA2659000,362451739.0,66.0,Hispanic,,7.0,113 Cherry St,,,(617) 527-0247,2.0,Democratic,Democratic,Rosa Buffone,0,113 CHERRY ST,1,FRANKLIN ELEMENTARY
125565121,34125565121,08STE0770001,TLEE SHOSTACK,TLEE,121.0,121 CHERRY ST,CHERRY ST, ,U,55.0,3.0,4.0,SOCIAL WORKER, , ,unknown,42.360112160803325,-71.22707196,3488.0,3A2.1,,,,,,,,,,,,,,,0,,1,FRANKLIN ELEMENTARY
125565147,34125565147,09GRT2485001,ROBERT GREENFIELD,ROBERT,147.0,147 CHERRY ST,CHERRY ST, ,U,40.0,3.0,4.0,TEACHER, , ,male,42.35915243776408,-71.22715913,3494.0,3A2.1,,,,,,,,,,,,,,,0,,1,FRANKLIN ELEMENTARY
125565150,34125565150,05SJH1054001,JUDITH SCHECHTMAN,JUDITH,150.0,150 CHERRY ST,CHERRY ST, ,U,71.0,3.0,4.0,PSYCHOLOGIST, , ,female,42.35903928188845,-71.22663273,3495.0,3A2.1,,,,,,,,,,,,,,,0,,1,FRANKLIN ELEMENTARY
125565216,33125565216,09PET1177001,EINAT PELED,EINAT,216.0,216 CHERRY ST,CHERRY ST, ,D,48.0,3.0,3.0,YOGA TEACHER, ,Democratic Party,female,42.35682811615701,-71.22753268,33109.0,,,,,,,,,,,,,,,,0,,1,FRANKLIN ELEMENTARY
125565251,33125565251,01ADE0378000,DANIELLE ABCUNAS,DANIELLE,251.0,251 CHERRY ST,CHERRY ST, ,U,47.0,3.0,3.0,TEACHER, , ,female,42.35574515050979,-71.22836129,33119.0,,,,,,,,,,,,,,,,0,,1,FRANKLIN ELEMENTARY
125565294,33125565294,07CJE3163001,JANE CARTER,JANE,294.0,294 CHERRY ST,CHERRY ST, ,U,62.0,3.0,3.0,EDUCATOR MGR, , ,female,42.35427276743731,-71.22848591,33138.0,,,,,,,,,,,,,,,,0,,1,FRANKLIN ELEMENTARY
125565298,33125565298,09BRT0446000,ROBERT BARNES,ROBERT,298.0,298 CHERRY ST,CHERRY ST, ,D,79.0,3.0,3.0,PSYCHOLOGIST, ,Democratic Party,male,42.35413625,-71.22850892,33140.0,,09BRT0446000,362449818.0,78.0,Scots,,8.0,298 Cherry St,,,,,Democratic,Democratic,Robert Barnes,0,298 CHERRY ST,1,FRANKLIN ELEMENTARY
125565319,33125565319,02SAA0369002,ALICIA SILVA,ALICIA,319.0,319 CHERRY ST,CHERRY ST, ,D,56.0,3.0,3.0,TEACHER, ,Democratic Party,female,42.353521227478645,-71.22917802,33146.0,,,,,,,,,,,,,,,,0,,1,FRANKLIN ELEMENTARY
125565332,33125565332,09SAA1269000,ANNA SIOMOPOULOS,ANNA,332.0,332 CHERRY ST,CHERRY ST, ,U,56.0,3.0,3.0,PROFESSOR, , ,female,42.353025102264226,-71.22898422,33151.0,,,,,,,,,,,,,,,,0,,1,FRANKLIN ELEMENTARY
125565357,33125565357,01KHR1567000,HEATHER KRAMER,HEATHER,357.0,357 CHERRY ST,CHERRY ST, ,D,58.0,3.0,3.0,TEACHER, ,Democratic Party,female,42.35224107629154,-71.22984531,33155.0,,,,,,,,,,,,,,,,0,,1,FRANKLIN ELEMENTARY
125565372,33125565372,02EJR2775000,JESSICA ENGEL,JESSICA,372.0,372 CHERRY ST,CHERRY ST, ,D,50.0,3.0,3.0,TEACHER, ,Democratic Party,female,42.35179391687373,-71.22919346,33157.0,,02EJR2775000,362449844.0,50.0,German,,7.0,372 Cherry St,(617) 504-1745,2.0,(617) 492-3741,2.0,Democratic,Democratic & Independent,Jessica Engel,0,372 CHERRY ST,1,FRANKLIN ELEMENTARY
125565429,33125565429,05GEN2547000,ELLEN GLAZER,ELLEN,429.0,429 CHERRY ST,CHERRY ST,10,D,78.0,3.0,3.0,SOCIAL WORKER, ,Democratic Party,female,42.34976486695324,-71.22870722,33171.0,,05GEN2547000,362449944.0,78.0,,,8.0,429 Cherry St Apt 10,,,,,Democratic,Democratic,Ellen Glazer,0,429 CHERRY ST APT 10,1,FRANKLIN ELEMENTARY
125565429,33125565429,09VPR0655002,PIETER VANDERWERF,PIETER,429.0,429 CHERRY ST,CHERRY ST,11,U,70.0,3.0,3.0,PROFESSOR, , ,male,42.34976486695324,-71.22870722,33171.0,,,,,,,,,,,,,,,,0,,1,FRANKLIN ELEMENTARY
1285596,821285596,05SDH1553001,DEBORAH SHEEHAN,DEBORAH,6.0,6 CLIFTON RD,CLIFTON RD, ,D,72.0,8.0,2.0,SOCIAL WORKER, ,Democratic Party,female,42.30272102842216,-71.17857523,82162.0,,,,,,,,,,,,,,,,0,,1,MEMORIAL SPAULDING
135559103,62135559103,12PZA0461001,ZIPORA PORTMAN,ZIPORA,103.0,103 CYPRESS ST,CYPRESS ST, ,D,63.0,6.0,2.0,TEACHER, ,Democratic Party,female,42.32600671178807,-71.19318441,62174.0,,,,,,,,,,,,,,,,0,,1,BOWEN
135559147,62135559147,07FKN2748000,KAREN FROSTIG,KAREN,147.0,147 CYPRESS ST,CYPRESS ST, ,D,77.0,6.0,2.0,ART THERAPIST, ,Democratic Party,female,42.324784253954434,-71.19193862,62179.0,,07FKN2748000,362470154.0,77.0,German,,7.0,147 Cypress St,(702) 290-6800,1.0,,,Democratic,Democratic & Independent,Karen Frostig,0,147 CYPRESS ST,1,BOWEN
135559147,62135559147,09LBT1846000,BRENT LEVINSON,BRENT,147.0,147 CYPRESS ST,CYPRESS ST, ,U,79.0,6.0,2.0,PSYCHOLOGIST, , ,male,42.324784253954434,-71.19193862,62179.0,,,,,,,,,,,,,,,,0,,1,BOWEN
135559187,62135559187,04BNT1956003,NURIT BEN-YEHUDA,NURIT,187.0,187 CYPRESS ST,CYPRESS ST,1,D,69.0,6.0,2.0,PROFESSOR, ,Democratic Party,female,42.32389943,-71.19062267,62185.0,,,,,,,,,,,,,,,,0,,1,BOWEN
135559201,62135559201,03GML0258000,MICHAEL GRAF,MICHAEL,201.0,201 CYPRESS ST,CYPRESS ST, ,D,67.0,6.0,2.0,PROFESSOR, ,Democratic Party,male,42.32351858822888,-71.19023448,62187.0,,03GML0258000,362470180.0,67.0,German,,8.0,201 Cypress St,(857) 389-0488,3.0,,,Democratic,Democratic,Michael Graf,0,201 CYPRESS ST,1,BOWEN
135559290,61135559290,08RCE1568002,CECILE ROUCHERGREENBERG,CECILE,290.0,290 CYPRESS ST,CYPRESS ST, ,U,57.0,6.0,1.0,TEACHER, , ,female,42.320960724029405,-71.18799935,6182.0,,,,,,,,,,,,,,,,0,,1,BOWEN
13736133,8313736133,09KLE3075001,LAURENCE KORIDECK,LAURENCE,33.0,33 DEDHAM ST,DEDHAM ST, ,D,50.0,8.0,3.0,TEACHER, ,Democratic Party,female,42.31602653531717,-71.20744876,83226.0,,,,,,,,,,,,,,,,0,,1,COUNTRYSIDE
13736161,8313736161,08NLA1475001,LISA NORTHMAN,LISA,61.0,61 DEDHAM ST,DEDHAM ST, ,D,50.0,8.0,3.0,PSYCHOLOGIST, ,Democratic Party,female,42.31560503339819,-71.20609007,83231.0,,08NLA1475001,362485040.0,50.0,,,6.0,61 Dedham St,(410) 925-4529,1.0,(972) 518-6000,4.0,Democratic,Democratic,Lisa Northman,0,61 DEDHAM ST,1,COUNTRYSIDE
13736161,8313736161,11AML1471000,MITCHELL ABBLETT,MITCHELL,61.0,61 DEDHAM ST,DEDHAM ST, ,D,53.0,8.0,3.0,PSYCHOLOGIST, ,Democratic Party,male,42.31560503339819,-71.20609007,83231.0,,,,,,,,,,,,,,,,0,,1,COUNTRYSIDE
137361130,52137361130,10PSA0537000,SUSANA PORRO,SUSANA,130.0,130 DEDHAM ST,DEDHAM ST, ,U,88.0,5.0,2.0,TEACHER, , ,female,42.31495522920112,-71.2031383,52185.0,,,,,,,,,,,,,,,,0,,1,COUNTRYSIDE
137361194,83137361194,03BRE3171002,RITCHIE BROWN,RITCHIE,194.0,194 DEDHAM ST,DEDHAM ST, ,U,54.0,8.0,3.0,PROFESSOR, , ,male,42.313390773936675,-71.20169892,83210.0,,,,,,,,,,,,,,,,0,,1,COUNTRYSIDE
137359348,83137359348,05WMC2266001,MARC WEISSKOPF,MARC,348.0,348 DEDHAM ST,DEDHAM ST, ,U,59.0,8.0,3.0,PROFESSOR, , ,male,42.30953051795383,-71.20057322,83194.0,,,,,,,,,,,,,,,,0,,1,COUNTRYSIDE
137359403,84137359403,09LSA2443000,SANDRA LEVY,SANDRA,403.0,403 DEDHAM ST,DEDHAM ST, ,D,82.0,8.0,4.0,YOGA INSTRUCTOR, ,Democratic Party,female,42.30588831329152,-71.19752205,84114.0,,09LSA2443000,362486803.0,81.0,,,8.0,403E Dedham St,,,,,Democratic,Democratic & Independent,Sandra Levy,0,403E DEDHAM ST,1,COUNTRYSIDE
137359403,84137359403,10GNY2746000,NANCY SEIGAL,NANCY,403.0,403 DEDHAM ST,DEDHAM ST, ,U,79.0,8.0,4.0,SOCIAL WORKER, , ,female,42.30588831329152,-71.19752205,84114.0,,,,,,,,,,,,,,,,0,,1,COUNTRYSIDE
137359413,84137359413,03KJT2450000,JANET KAPLAN,JANET,413.0,413 DEDHAM ST,DEDHAM ST,E,D,75.0,8.0,4.0,THERAPIST, ,Democratic Party,female,42.30775097935801,-71.19844718,84117.0,,,,,,,,,,,,,,,,0,,1,COUNTRYSIDE
137359433,84137359433,03PCA3039000,CYNTHIA PILL,CYNTHIA,433.0,433 DEDHAM ST,DEDHAM ST, ,U,86.0,8.0,4.0,SOCIAL WORKER, , ,female,42.30502887963657,-71.19960683,84123.0,,,,,,,,,,,,,,,,0,,1,COUNTRYSIDE
137359433,84137359433,08RCN1065001,CAROLYN DRUCKER,CAROLYN,433.0,433 DEDHAM ST,DEDHAM ST, ,U,60.0,8.0,4.0,TEACHER, , ,female,42.30502887963657,-71.19960683,84123.0,,,,,,,,,,,,,,,,0,,1,COUNTRYSIDE
137359435,84137359435,09FCL2634000,CARL FRANZBLAU,CARL,435.0,435 DEDHAM ST,DEDHAM ST, ,U,91.0,8.0,4.0,PROFESSOR, , ,male,42.30497894177005,-71.19888577,84124.0,,,,,,,,,,,,,,,,0,,1,COUNTRYSIDE
137359522,81137359522,02EFO1154000,FRANCESCO ERSPAMER,FRANCESCO,522.0,522 DEDHAM ST,DEDHAM ST, ,U,71.0,8.0,1.0,U PROFESSOR, , ,male,42.30602002459164,-71.19412278,81187.0,,,,,,,,,,,,,,,,0,,1,COUNTRYSIDE
137359522,81137359522,06PNA2460000,NICOLETTA PELLEGRINO,NICOLETTA,522.0,522 DEDHAM ST,DEDHAM ST, ,U,65.0,8.0,1.0,U PROFESSOR, , ,female,42.30602002459164,-71.19412278,81187.0,,,,,,,,,,,,,,,,0,,1,COUNTRYSIDE
137359824,84137359824,12HEH1370002,ELIZABETH HOFFMAN,ELIZABETH,824.0,824 DEDHAM ST,DEDHAM ST, ,U,54.0,8.0,4.0,TEACHER, , ,female,42.298526487512575,-71.18505496,84133.0,,,,,,,,,,,,,,,,0,,1,COUNTRYSIDE
137359853,84137359853,07BAY0352000,AMY BRODER,AMY,853.0,853 DEDHAM ST,DEDHAM ST, ,D,73.0,8.0,4.0,TEACHER, ,Democratic Party,female,42.297673796898685,-71.18412294,84139.0,,,,,,,,,,,,,,,,0,,1,COUNTRYSIDE
137359853,84137359853,08BSN0852000,STEVEN BRODER,STEVEN,853.0,853 DEDHAM ST,DEDHAM ST, ,D,73.0,8.0,4.0,PSYCHOLOGIST, ,Democratic Party,male,42.297673796898685,-71.18412294,84139.0,,,,,,,,,,,,,,,,0,,1,COUNTRYSIDE
137359887,84137359887,09WDA2846000,DEANNA WONG,DEANNA,887.0,887 DEDHAM ST,DEDHAM ST, ,D,79.0,8.0,4.0,TEACHER, ,Democratic Party,female,42.29710815070775,-71.18284581,84145.0,,09WDA2846000,362486912.0,78.0,Chinese,,8.0,887 Dedham St,(617) 894-2403,2.0,(617) 969-4920,2.0,Democratic,Democratic,Deanna Wong,0,887 DEDHAM ST,1,COUNTRYSIDE
137359961,84137359961,09ZME2273002,MICHELLE BLAIR,MICHELLE,961.0,961 DEDHAM ST,DEDHAM ST, ,U,52.0,8.0,4.0,TEACHER, , ,female,42.29547045783026,-71.18052217,84151.0,,,,,,,,,,,,,,,,0,,1,COUNTRYSIDE
137359970,82137359970,12WMW2269000,MATTHEW WILSON,MATTHEW,970.0,970 DEDHAM ST,DEDHAM ST, ,D,55.0,8.0,2.0,H S TEACHER, ,Democratic Party,male,42.29579370073657,-71.17954942,82246.0,,12WMW2269000,362483331.0,55.0,English/Welsh,,8.0,970 Dedham St,(617) 610-3853,3.0,(617) 232-9088,3.0,Democratic,Democratic & Independent,Matthew Wilson,0,970 DEDHAM ST,1,COUNTRYSIDE
137765184,33137765184,09BRA2268000,ROSEANNA BAACK,ROSEANNA,184.0,184 DERBY ST,DERBY ST, ,U,57.0,3.0,3.0,TEACHER, , ,female,42.358717882524125,-71.23134062,33233.0,,,,,,,,,,,,,,,,0,,1,FRANKLIN ELEMENTARY
137765266,44137765266,07BKE3182001,KATHARINE BRAUN-LEVINE,KATHARINE,266.0,266 DERBY ST,DERBY ST, ,U,43.0,4.0,4.0,TEACHER, , ,female,42.35990197,-71.23470997,44118.0,,,,,,,,,,,,,,,,0,,1,FRANKLIN ELEMENTARY
137765279,34137765279,11MRD0147000,RICHARD MYERS,RICHARD,279.0,279 DERBY ST,DERBY ST, ,D,78.0,3.0,4.0,PROFESSOR, ,Democratic Party,male,42.36045079020545,-71.23520591,34160.0,,11MRD0147000,362451868.0,77.0,German,,7.0,279 Derby St,,,,,Democratic,Democratic,Richard Myers,0,279 DERBY ST,1,FRANKLIN ELEMENTARY
13855935,7413855935,04PDN2367002,DAWN PELTON,DAWN,35.0,35 DOLPHIN RD,DOLPHIN RD, ,D,58.0,7.0,4.0,PSYCHOTHERAPIST, ,Democratic Party,female,42.340307698940606,-71.17966685,7464.0,,04PDN2367002,362480007.0,58.0,English/Welsh,,7.0,35 Dolphin Rd,(617) 803-8623,1.0,,,Democratic,Democratic & Independent,Dawn Pelton,0,35 DOLPHIN RD,1,WARD
14546842,5314546842,04CJD2785001,JERARD CROSBY,JERARD,42.0,42 EVELYN RD,EVELYN RD, ,D,40.0,5.0,3.0,GUID. COUNSELOR, ,Democratic Party,unknown,42.33191903865159,-71.21968843,53308.0,,,,,,,,,,,,,,,,0,,1,ZERVAS
14546850,5314546850,05SAY1568000,AUDREY STERN,AUDREY,50.0,50 EVELYN RD,EVELYN RD, ,D,57.0,5.0,3.0,PSYCHOLOGIST, ,Democratic Party,female,42.332197341718114,-71.21964731,53310.0,,,,,,,,,,,,,,,,0,,1,ZERVAS
14546899,5314546899,11YKH1457000,KENNETH YANOFSKY,KENNETH,99.0,99 EVELYN RD,EVELYN RD, ,U,67.0,5.0,3.0,TEACHER, , ,male,42.33379739,-71.21856607,53320.0,,,,,,,,,,,,,,,,0,,1,ZERVAS
14546899,5314546899,12YCY0657000,CINDY YANOFSKY,CINDY,99.0,99 EVELYN RD,EVELYN RD, ,U,67.0,5.0,3.0,LAWYER TEACHER, , ,female,42.33379739,-71.21856607,53320.0,,,,,,,,,,,,,,,,0,,1,ZERVAS
145468119,53145468119,05MEN0864000,EITAN MODIANO,EITAN,119.0,119 EVELYN RD,EVELYN RD, ,U,61.0,5.0,3.0,PROFESSOR, , ,male,42.33437944536999,-71.21850275,53281.0,,,,,,,,,,,,,,,,0,,1,ZERVAS
145468175,53145468175,02PAE1277000,ANDRE PERREAULT,ANDRE,175.0,175 EVELYN RD,EVELYN RD, ,U,48.0,5.0,3.0,PSYCHOLOGIST, , ,male,42.336352432855925,-71.21849452,53296.0,,,,,,,,,,,,,,,,0,,1,ZERVAS
14805965,7414805965,07LKN1362000,KRISTEN LUCKEN,KRISTEN,65.0,65 FELLSMERE RD,FELLSMERE RD, ,U,63.0,7.0,4.0,PROFESSOR, , ,female,42.340795607518906,-71.17954933,7486.0,,,,,,,,,,,,,,,,0,,1,WARD
15676629,4315676629,04KAN2661000,ALISON KUR,ALISON,29.0,29 GROVE ST,GROVE ST, ,D,64.0,4.0,3.0,EDUCATOR, ,Democratic Party,female,42.34526729,-71.24679669,43193.0,,,,,,,,,,,,,,,,0,,1,WILLIAMS
15676635,4315676635,03WRD0347000,RAYMOND WALDEN,RAYMOND,35.0,35 GROVE ST,GROVE ST, ,D,78.0,4.0,3.0,MENTAL HEALTH, ,Democratic Party,male,42.34512420392216,-71.24693969,43194.0,,,,,,,,,,,,,,,,0,,1,WILLIAMS
15676694,4315676694,07MLE2178000,LAURIE MORAN,LAURIE,94.0,94 GROVE ST,GROVE ST, ,U,47.0,4.0,3.0,TEACHER, , ,female,42.34330179,-71.24822388,43204.0,,,,,,,,,,,,,,,,0,,1,WILLIAMS
156766192,42156766192,09GAY0854000,AMY GOLDSTEIN,AMY,192.0,192 GROVE ST,GROVE ST, ,D,71.0,4.0,2.0,PSYCHOLOGIST, ,Democratic Party,female,42.34089802509464,-71.25060455,42231.0,,09GAY0854000,362455655.0,70.0,,,8.0,192 Grove St,(617) 448-1011,2.0,,,Democratic,Democratic,Amy Goldstein,0,192 GROVE ST,1,WILLIAMS
156766204,42156766204,06TJL1755000,JOEL TRACHTMAN,JOEL,204.0,204 GROVE ST,GROVE ST, ,U,70.0,4.0,2.0,PROFESSOR, , ,male,42.34053695634392,-71.25054389,42233.0,,,,,,,,,,,,,,,,0,,1,WILLIAMS
156766215,42156766215,12CJN1555000,JOHN COLLINS,JOHN,215.0,215 GROVE ST,GROVE ST, ,D,69.0,4.0,2.0,PROFESSOR, ,Democratic Party,male,42.34009053231727,-71.25110901,42237.0,,,,,,,,,,,,,,,,0,,1,WILLIAMS
156766232,42156766232,11GSN2961000,SHERREN GRANESE,SHERREN,232.0,232 GROVE ST,GROVE ST, ,U,63.0,4.0,2.0,COACH TEACHER, , ,unknown,42.33942067,-71.2508449,42243.0,,,,,,,,,,,,,,,,0,,1,WILLIAMS
156766268,42156766268,09REA0297002,ELENA REDMOND,ELENA,268.0,268 GROVE ST,GROVE ST,9,U,28.0,4.0,2.0,OCC. THERAPIST, , ,female,42.33794167181321,-71.25053532,42251.0,,,,,,,,,,,,,,,,0,,1,WILLIAMS
156766280,42156766280,01GJA2092003,JOANNA GARCIA,JOANNA,280.0,280 GROVE ST,GROVE ST,3,U,33.0,4.0,2.0,THERAPIST, , ,female,42.33754573375644,-71.25057585,42257.0,,,,,,,,,,,,,,,,0,,1,WILLIAMS
156762516,42156762516,05OTI0477000,TRACI MCCARTHY,TRACI,516.0,516 GROVE ST,GROVE ST, ,D,48.0,4.0,2.0,SOCIAL WORKER, ,Democratic Party,female,42.33121916147212,-71.25720413,42196.0,,,,,,,,,,,,,,,,0,,1,WILLIAMS
156762605,42156762605,09CAT0664000,ALBERT CALDERONE,ALBERT,605.0,605 GROVE ST,GROVE ST, ,D,61.0,4.0,2.0,TEACHER, ,Democratic Party,male,42.32836163276608,-71.25860852,42211.0,,09CAT0664000,362455923.0,60.0,Italian,,8.0,605 Grove St,(617) 383-1463,2.0,,,Democratic,Democratic,Albert Calderone,0,605 GROVE ST,1,WILLIAMS
156762614,42156762614,04DAA3091000,ALEXANDRA DIXON,ALEXANDRA,614.0,614 GROVE ST,GROVE ST, ,U,34.0,4.0,2.0,TEACHER, , ,female,42.32808543502649,-71.25825335,42213.0,,,,,,,,,,,,,,,,0,,1,WILLIAMS
156762620,42156762620,08DSA0182000,SHEILA GOMEZ,SHEILA,620.0,620 GROVE ST,GROVE ST, ,U,43.0,4.0,2.0,SOCIAL WORKER, , ,female,42.32787957268431,-71.25824017,42215.0,,,,,,,,,,,,,,,,0,,1,WILLIAMS
156762620,42156762620,12GJN0475001,JUAN GOMEZ,JUAN,620.0,620 GROVE ST,GROVE ST, ,D,49.0,4.0,2.0,TEACHER, ,Democratic Party,male,42.32787957268431,-71.25824017,42215.0,,,,,,,,,,,,,,,,0,,1,WILLIAMS
156762646,42156762646,02HEE1753000,ELAINE HATOW,ELAINE,646.0,646 GROVE ST,GROVE ST, ,D,72.0,4.0,2.0,SOCIAL WORKER, ,Democratic Party,female,42.32722490693619,-71.25789303,42218.0,,02HEE1753000,362455834.0,72.0,,,8.0,646 Grove St,(617) 869-6072,3.0,,,Democratic,Democratic,Elaine Hatow,0,646 GROVE ST,1,WILLIAMS
156762660,42156762660,01GCE0580000,CHERIE GOLDSTEIN,CHERIE,660.0,660 GROVE ST,GROVE ST, ,U,45.0,4.0,2.0,TEACHER, , ,female,42.32685733797785,-71.25742331,42221.0,,,,,,,,,,,,,,,,0,,1,WILLIAMS
156762671,42156762671,08GMK3151001,MARK GOLDEN,MARK,671.0,671 GROVE ST,GROVE ST, ,D,74.0,4.0,2.0,SOCIAL WORKER, ,Democratic Party,male,42.326356621716414,-71.25729439,42224.0,,08GMK3151001,362455936.0,73.0,English/Welsh,,8.0,671 Grove St,(617) 780-0485,1.0,,,Democratic,Democratic,Mark Golden,0,671 GROVE ST,1,WILLIAMS
15845971,6415845971,02LLE0359000,LINETTE LIEBLING,LINETTE,71.0,71 HANCOCK AVE,HANCOCK AVE, ,D,66.0,6.0,4.0,EDUCATOR, ,Democratic Party,female,42.331513702395426,-71.20366851,64387.0,,02LLE0359000,362474488.0,66.0,German,,8.0,71 Hancock Ave,(617) 775-5048,1.0,,,Democratic,Democratic & Independent,Linette Liebling,0,71 HANCOCK AVE,1,MASON-RICE
15945938,8115945938,10EDD1941000,DAVID ELMALEH,DAVID,38.0,38 HARTMAN RD,HARTMAN RD, ,U,84.0,8.0,1.0,PROFESSOR, , ,male,42.30772068439776,-71.18955988,81375.0,,,,,,,,,,,,,,,,0,,1,MEMORIAL SPAULDING
15945960,8115945960,09FSN0150001,STEPHEN FARMER,STEPHEN,60.0,60 HARTMAN RD,HARTMAN RD, ,O,75.0,8.0,1.0,PROFESSOR, ,Massachusetts Independent Party,male,42.307350986524504,-71.18866711,81380.0,,,,,,,,,,,,,,,,0,,1,MEMORIAL SPAULDING
159459124,81159459124,10MAY3084000,ANDREY MALENKO,ANDREY,124.0,124 HARTMAN RD,HARTMAN RD, ,U,41.0,8.0,1.0,PROFESSOR,U.S., ,male,42.30624884993231,-71.18605469,81358.0,,,,,,,,,,,,,,,,0,,1,MEMORIAL SPAULDING
159459124,81159459124,12MNA1782000,NADYA MALENKO,NADYA,124.0,124 HARTMAN RD,HARTMAN RD, ,U,42.0,8.0,1.0,PROFESSOR,U.S., ,female,42.30624884993231,-71.18605469,81358.0,,,,,,,,,,,,,,,,0,,1,MEMORIAL SPAULDING
159459150,81159459150,11ZEI1145000,ELENI ZANNI,ELENI,150.0,150 HARTMAN RD,HARTMAN RD, ,D,79.0,8.0,1.0,PROFESSOR, ,Democratic Party,female,42.30579574473296,-71.18504568,81363.0,,,,,,,,,,,,,,,,0,,1,MEMORIAL SPAULDING
159459164,81159459164,12EDS0362001,DOUGLAS ENG,DOUGLAS,164.0,164 HARTMAN RD,HARTMAN RD, ,U,62.0,8.0,1.0,EDUCATOR, , ,male,42.30557030708864,-71.18454762,81366.0,,,,,,,,,,,,,,,,0,,1,MEMORIAL SPAULDING
159459170,81159459170,03FAA2379002,ANGELA FICKEN,ANGELA,170.0,170 HARTMAN RD,HARTMAN RD, ,D,46.0,8.0,1.0,PSYCHOTHERAPIST, ,Democratic Party,female,42.30544979893982,-71.18427204,81367.0,,,,,,,,,,,,,,,,0,,1,MEMORIAL SPAULDING
159459235,82159459235,09HPA0363000,PAULA HAMMOND CUNNINGHAM,PAULA,235.0,235 HARTMAN RD,HARTMAN RD, ,D,62.0,8.0,2.0,PROFESSOR, ,Democratic Party,female,42.30426350633032,-71.18183439,82322.0,,,,,,,,,,,,,,,,0,,1,MEMORIAL SPAULDING
159459245,82159459245,11GRD0935001,RICHARD GOLDBERG,RICHARD,245.0,245 HARTMAN RD,HARTMAN RD, ,U,89.0,8.0,2.0,PSYCHOLOGIST, , ,male,42.30408826390072,-71.18150341,82324.0,,,,,,,,,,,,,,,,0,,1,MEMORIAL SPAULDING
159459250,82159459250,12SRD1266000,RONALD SULLIVAN,RONALD,250.0,250 HARTMAN RD,HARTMAN RD, ,U,58.0,8.0,2.0,PROFESSOR, , ,male,42.30433815414971,-71.1811993,82325.0,,,,,,,,,,,,,,,,0,,1,MEMORIAL SPAULDING
159459259,82159459259,07NTL2776000,TAL NIR,TAL,259.0,259 HARTMAN RD,HARTMAN RD, ,U,49.0,8.0,2.0,PSYCHOLOGIST, , ,andy,42.30375754538536,-71.18111714,82326.0,,,,,,,,,,,,,,,,0,,1,MEMORIAL SPAULDING
159459290,82159459290,07FVV3178000,VYACHESLAV FOS,VYACHESLAV,290.0,290 HARTMAN RD,HARTMAN RD, ,R,47.0,8.0,2.0,PROFESSOR, ,Republican Party,male,42.30358027681956,-71.17962278,82330.0,,,,,,,,,,,,,,,,0,,1,MEMORIAL SPAULDING
159459300,82159459300,01GAI0863000,ALI GUERMAZI,ALI,300.0,300 HARTMAN RD,HARTMAN RD, ,D,62.0,8.0,2.0,PROFESSOR, ,Democratic Party,male,42.303401081673485,-71.17927751,82332.0,,,,,,,,,,,,,,,,0,,1,MEMORIAL SPAULDING
168258108,11168258108,03BGY2157001,GREGORY BUCK,GREGORY,108.0,108 JACKSON RD,JACKSON RD,1,U,68.0,1.0,1.0,PROFESSOR, , ,male,42.359262494163545,-71.19465887,11257.0,,,,,,,,,,,,,,,,0,,1,LINCOLN-ELIOT ELEMENTARY
168258201,11168258201,09FSA2169000,SANDRA FERNANDES,SANDRA,201.0,201 JACKSON RD,JACKSON RD,2,R,56.0,1.0,1.0,TEACHER, ,Republican Party,female,42.35627472533686,-71.19542407,11266.0,,,,,,,,,,,,,,,,0,,1,LINCOLN-ELIOT ELEMENTARY
168359132,61168359132,08GHY1994000,HAYLEY GROSSMAN,HAYLEY,132.0,132 JACKSON ST,JACKSON ST, ,D,31.0,6.0,1.0,TEACHER, ,Democratic Party,female,42.319975701211455,-71.1882434,61195.0,,,,,,,,,,,,,,,,0,,1,BOWEN
168359132,61168359132,10GPE0655000,PENELOPE GROSSMAN,PENELOPE,132.0,132 JACKSON ST,JACKSON ST, ,D,70.0,6.0,1.0,TEACHER, ,Democratic Party,female,42.319975701211455,-71.1882434,61195.0,,,,,,,,,,,,,,,,0,,1,BOWEN
168359162,61168359162,05SDA2151000,DANA SCHAUL-YODER,DANA,162.0,162 JACKSON ST,JACKSON ST, ,D,74.0,6.0,1.0,TEACHER, ,Democratic Party,female,42.32040548074218,-71.18959488,61204.0,,05SDA2151000,362468830.0,74.0,,,6.0,162 Jackson St,,,,,Democratic,Democratic,Dana Schaul-Yoder,0,162 JACKSON ST,1,BOWEN
168359170,61168359170,10BCR0276001,CHRISTOPHER BUSCH,CHRISTOPHER,170.0,170 JACKSON ST,JACKSON ST, ,U,49.0,6.0,1.0,TEACHER, , ,male,42.32047637365227,-71.18990536,61206.0,,,,,,,,,,,,,,,,0,,1,BOWEN
168359171,61168359171,04LML0192002,MICHAEL LENSON,MICHAEL,171.0,171 JACKSON ST,JACKSON ST, ,D,33.0,6.0,1.0,TEACHER, ,Democratic Party,male,42.32081734463016,-71.18976428,61207.0,,,,,,,,,,,,,,,,0,,1,BOWEN
168359199,62168359199,04MCA2350000,CYNTHIA MASON,CYNTHIA,199.0,199 JACKSON ST,JACKSON ST, ,U,75.0,6.0,2.0,REC THERAPIST, , ,female,42.32117199,-71.19102883,62276.0,,,,,,,,,,,,,,,,0,,1,BOWEN
168359213,62168359213,04SSE1949000,STEPHANIE SILVERSTEIN,STEPHANIE,213.0,213 JACKSON ST,JACKSON ST, ,U,76.0,6.0,2.0,PSYCHOLOGIST, , ,female,42.32098021306441,-71.19182414,62277.0,,,,,,,,,,,,,,,,0,,1,BOWEN
168359234,61168359234,05LRA2582000,REBECCA FRANCKLE,REBECCA,234.0,234 JACKSON ST,JACKSON ST, ,D,43.0,6.0,1.0,ASST PROFESSOR, ,Democratic Party,female,42.320301024798006,-71.19187342,61214.0,,,,,,,,,,,,,,,,0,,1,BOWEN
168359238,61168359238,10BDE0160000,DIANE BURKE,DIANE,238.0,238 JACKSON ST,JACKSON ST, ,U,65.0,6.0,1.0,TEACHER, , ,female,42.32018794179314,-71.1920191,61215.0,,,,,,,,,,,,,,,,0,,1,BOWEN
168359239,62168359239,06ZFG3078002,FENG ZHU,FENG,239.0,239 JACKSON ST,JACKSON ST, ,U,47.0,6.0,2.0,PROFESSOR, , ,andy,42.320379243388125,-71.19241442,62280.0,,,,,,,,,,,,,,,,0,,1,BOWEN
168359244,61168359244,01SLN2454000,LU ANN SHOLEMSON,LU ANN,244.0,244 JACKSON ST,JACKSON ST, ,D,71.0,6.0,1.0,TEACHER, ,Democratic Party,unknown,42.32005405927636,-71.19216415,61216.0,,,,,,,,,,,,,,,,0,,1,BOWEN
168359255,62168359255,06NEA1097000,ELLA NETBURN,ELLA,255.0,255 JACKSON ST,JACKSON ST, ,D,28.0,6.0,2.0,TEACHER, ,Democratic Party,female,42.31996850978151,-71.19289299,62283.0,,,,,,,,,,,,,,,,0,,1,BOWEN
17666629,4217666629,03CJA1179000,JOANNA GLENNON,JOANNA,29.0,29 LASELL ST,LASELL ST, ,D,46.0,4.0,2.0,TEACHER, ,Democratic Party,female,42.34299323336253,-71.25002437,42304.0,,,,,,,,,,,,,,,,0,,1,WILLIAMS
179760107,14179760107,06CST0483002,SCOTT CHAMBERLAIN,SCOTT,107.0,107 LINWOOD AVE,LINWOOD AVE, ,U,42.0,1.0,4.0,TEACHER, , ,male,42.36263581109972,-71.20415992,14368.0,,,,,,,,,,,,,,,,0,,1,HORACE MANN
179760117,14179760117,12RNE1894001,NICOLE GRAZIANO,NICOLE,117.0,117 LINWOOD AVE,LINWOOD AVE,1,U,30.0,1.0,4.0,TEACHER, , ,female,42.36251591392976,-71.20458344,14370.0,,,,,,,,,,,,,,,,0,,1,HORACE MANN
179760186,14179760186,12SEI0175000,EKATERINI STAVOPOULOS,EKATERINI,186.0,186 LINWOOD AVE,LINWOOD AVE, ,D,49.0,1.0,4.0,EDUCATOR, ,Democratic Party,female,42.36084387152892,-71.206621,14384.0,,,,,,,,,,,,,,,,0,,1,HORACE MANN
179760221,14179760221,09TSN0669004,SUSAN TANCHEL,SUSAN,221.0,221 LINWOOD AVE,LINWOOD AVE, ,D,56.0,1.0,4.0,SCHOOL ADMIN, ,Democratic Party,female,42.36013484374707,-71.20809714,14392.0,,09TSN0669004,362437794.0,55.0,,,8.0,221 Linwood Ave,(617) 335-3357,1.0,(617) 795-2822,2.0,Democratic,Democratic,Susan Tanchel,0,221 LINWOOD AVE,1,HORACE MANN
179760224,14179760224,06RLA2465000,LINDA ROSS,LINDA,224.0,224 LINWOOD AVE,LINWOOD AVE, ,U,60.0,1.0,4.0,TEACHER, , ,female,42.3599006621108,-71.20786114,14393.0,,,,,,,,,,,,,,,,0,,1,HORACE MANN
179760276,14179760276,05BLN0460001,LEEANN BAILEY,LEEANN,276.0,276 LINWOOD AVE,LINWOOD AVE, ,D,65.0,1.0,4.0,MUSIC THERAPIST, ,Democratic Party,female,42.358459443574986,-71.20939306,14407.0,,,,,,,,,,,,,,,,0,,1,HORACE MANN
179760306,21179760306,12MJR3168000,JENNIFER MORRILL,JENNIFER,306.0,306 LINWOOD AVE,LINWOOD AVE, ,D,56.0,2.0,1.0,TEACHER, ,Democratic Party,female,42.35773162177566,-71.21031426,21258.0,,12MJR3168000,362439109.0,56.0,English/Welsh,,4.0,306 Linwood Ave,(617) 816-7600,1.0,,,Democratic,Democratic & Independent,Jennifer Morrill,0,306 LINWOOD AVE,1,HORACE MANN
179760397,21179760397,08OCR2593000,CHRISTOPHER OWEN,CHRISTOPHER,397.0,397 LINWOOD AVE,LINWOOD AVE,1,U,32.0,2.0,1.0,PSYCHOLOGIST, , ,male,42.35520486447882,-71.21140949,21279.0,,,,,,,,,,,,,,,,0,,1,HORACE MANN
18335983,7418335983,03LHH1849000,HANOCH LEV-ARI,HANOCH,83.0,83 MANDALAY RD,MANDALAY RD, ,D,76.0,7.0,4.0,PROFESSOR, ,Democratic Party,male,42.33926027618492,-71.17984058,74193.0,,03LHH1849000,362480307.0,76.0,Arab,,7.0,83 Mandalay Rd,,,,,Democratic,Democratic,Hanoch Lev-Ari,0,83 MANDALAY RD,1,WARD
193360216,14193360216,03TBU0559000,BUU TRAN,BUU,216.0,216 NEVADA ST,NEVADA ST, ,D,66.0,1.0,4.0,TEACHER, ,Democratic Party,unknown,42.361273051915035,-71.20881276,14467.0,,,,,,,,,,,,,,,,0,,1,HORACE MANN
193360288,14193360288,01CLN2981000,LAUREN DILLER,LAUREN,288.0,288 NEVADA ST,NEVADA ST, ,D,44.0,1.0,4.0,TEACHER, ,Democratic Party,mostly_female,42.359560045712115,-71.20642097,14480.0,,,,,,,,,,,,,,,,0,,1,HORACE MANN
19555932,6419555932,10DJN0157000,JEAN DWYER,JEAN,32.0,32 NORWOOD AVE,NORWOOD AVE, ,D,68.0,6.0,4.0,TEACHER, ,Democratic Party,male,42.32829435949155,-71.19822857,64562.0,,10DJN0157000,362474920.0,67.0,Irish,,6.0,32 Norwood Ave,(617) 584-8885,1.0,,,Democratic,Democratic & Independent,Jean Dwyer,0,32 NORWOOD AVE,1,CABOT ELEMENTARY
19555955,6419555955,03LKN0482000,KATHRYN LITWAK,KATHRYN,55.0,55 NORWOOD AVE,NORWOOD AVE, ,D,43.0,6.0,4.0,SOCIAL WORKER, ,Democratic Party,female,42.32751163995851,-71.19848017,64567.0,,,,,,,,,,,,,,,,0,,1,CABOT ELEMENTARY
19555956,6419555956,12MJN0884000,JON MORGAN,JON,56.0,56 NORWOOD AVE,NORWOOD AVE, ,U,40.0,6.0,4.0,HC COUNSELOR, , ,male,42.32779241950538,-71.19826337,64568.0,,,,,,,,,,,,,,,,0,,1,CABOT ELEMENTARY
19555981,6419555981,02SDH2484001,DEBORAH SUNTER,DEBORAH,81.0,81 NORWOOD AVE,NORWOOD AVE, ,D,41.0,6.0,4.0,PROFESSOR, ,Democratic Party,female,42.32720467,-71.19765969,64582.0,,,,,,,,,,,,,,,,0,,1,CABOT ELEMENTARY
19555985,6419555985,09FRA0558000,RHONDA FISHMAN,RHONDA,85.0,85 NORWOOD AVE,NORWOOD AVE, ,D,67.0,6.0,4.0,COUNSELOR, ,Democratic Party,female,42.327321814733885,-71.19785375,64584.0,,09FRA0558000,362441110.0,66.0,,,5.0,85 Norwood Ave,(617) 733-7464,3.0,(617) 795-0816,2.0,Democratic,Democratic,Rhonda Fishman,0,85 NORWOOD AVE,1,CABOT ELEMENTARY
195560129,22195560129,06GCI0983000,CHANI TWOMEY,CHANI,129.0,129 NORWOOD AVE,NORWOOD AVE, ,D,42.0,2.0,2.0,SCHOOL PSYC, ,Democratic Party,unknown,42.35038128181941,-71.20015626,22286.0,,,,,,,,,,,,,,,,0,,1,CABOT ELEMENTARY
19605967,8219605967,05SJH2247000,JUDITH SMITH,JUDITH,67.0,67 OAK HILL ST,OAK HILL ST, ,U,78.0,8.0,2.0,TEACHER, , ,female,42.29906098518457,-71.17984466,82485.0,,,,,,,,,,,,,,,,0,,1,MEMORIAL SPAULDING
20196858,5320196858,07WKN0746000,KATHLEEN WOODWARD,KATHLEEN,58.0,58 PAULSON RD,PAULSON RD, ,D,79.0,5.0,3.0,SOCIAL WORKER, ,Democratic Party,female,42.33373264,-71.22184229,53560.0,,07WKN0746000,362465117.0,79.0,,,7.0,58 Paulson Rd,,,(617) 969-8131,2.0,Democratic,Democratic & Independent,Kathleen Woodward,0,58 PAULSON RD,1,ZERVAS
201968146,53201968146,05KSE1238000,SUZANNE KAUFMAN,SUZANNE,146.0,146 PAULSON RD,PAULSON RD, ,D,87.0,5.0,3.0,TEACHER, ,Democratic Party,female,42.33252474995561,-71.21801514,53549.0,,,,,,,,,,,,,,,,0,,1,ZERVAS
20235829,1220235829,01HSA0358001,SHARONA HALPERN,SHARONA,29.0,29 PEARL ST,PEARL ST, ,D,67.0,1.0,2.0,PSYCHOTHERAPIST, ,Democratic Party,female,42.35833191400282,-71.18641869,12421.0,,01HSA0358001,362434195.0,67.0,,,8.0,29 Pearl St,(857) 919-1811,2.0,(617) 630-9562,2.0,Democratic,Democratic,Sharona Halpern,0,29 PEARL ST,1,LINCOLN-ELIOT ELEMENTARY
20235833,1220235833,06JKE2298000,KATHERINE JEPSEN,KATHERINE,33.0,33 PEARL ST,PEARL ST,1,U,27.0,1.0,2.0,TEACHER, , ,female,42.358315231710435,-71.18656854,12422.0,,,,,,,,,,,,,,,,0,,1,LINCOLN-ELIOT ELEMENTARY
20235849,1220235849,07KBN1787001,BRYAN KELLY,BRYAN,49.0,49 PEARL ST,PEARL ST,2,U,38.0,1.0,2.0,TEACHER, , ,male,42.35831833113319,-71.18725564,12424.0,,,,,,,,,,,,,,,,0,,1,LINCOLN-ELIOT ELEMENTARY
202358107,12202358107,02BEA0294005,ELIZA BOWES,ELIZA,107.0,107 PEARL ST,PEARL ST, ,D,31.0,1.0,2.0,TEACHER, ,Democratic Party,female,42.35860567997855,-71.19017983,12417.0,,,,,,,,,,,,,,,,0,,1,LINCOLN-ELIOT ELEMENTARY
202358152,11202358152,03CJR1381002,JENNIFER CAZENAVE,JENNIFER,152.0,152 PEARL ST,PEARL ST,2,D,44.0,1.0,1.0,PROFESSOR, ,Democratic Party,female,42.35869572198597,-71.19236543,11350.0,,,,,,,,,,,,,,,,0,,1,LINCOLN-ELIOT ELEMENTARY
202358235,11202358235,11MSN0295000,SEAN MORAHAN,SEAN,235.0,235 PEARL ST,PEARL ST, ,U,30.0,1.0,1.0,PGA INSTRUCTOR, , ,male,42.360037425150594,-71.19602407,11363.0,,,,,,,,,,,,,,,,0,,1,LINCOLN-ELIOT ELEMENTARY
204666100,33204666100,10DMY2997000,MARY DILLON,MARY,100.0,100 PINE ST,PINE ST, ,U,28.0,3.0,3.0,TEACHER AIDE, , ,mostly_female,42.35313042,-71.23906344,33452.0,,,,,,,,,,,,,,,,0,,1,BURR ELEMENTARY
204666112,44204666112,10MLA2259002,LISA MARZILLI,LISA,112.0,112 PINE ST,PINE ST, ,D,66.0,4.0,4.0,TEACHERS AIDE, ,Democratic Party,female,42.35325503922342,-71.23958616,44350.0,,10MLA2259002,362459262.0,65.0,Italian,,5.0,112 Pine St,,,,,Democratic,Democratic,Lisa Marzilli,0,112 PINE ST,1,BURR ELEMENTARY
204666160,44204666160,05CSN1076001,SEJIN CHOI,SEJIN,160.0,160 PINE ST,PINE ST,11,U,49.0,4.0,4.0,TEACHER, , ,unknown,42.35188644614273,-71.24154121,44356.0,,,,,,,,,,,,,,,,0,,1,BURR ELEMENTARY
204666160,44204666160,05SVA2362001,VICTORIA STEBLOVSKAYA,VICTORIA,160.0,160 PINE ST,PINE ST,23,U,63.0,4.0,4.0,PROFESSOR, , ,female,42.35188644614273,-71.24154121,44356.0,,,,,,,,,,,,,,,,0,,1,BURR ELEMENTARY
204666184,44204666184,07CJR0564002,JENNIFER COMEAU,JENNIFER,184.0,184 PINE ST,PINE ST, ,U,61.0,4.0,4.0,TEACHER, , ,female,42.351611293601465,-71.24212205,44358.0,,,,,,,,,,,,,,,,0,,1,BURR ELEMENTARY
205059150,64205059150,05JDL0763000,DANIEL JACKSON,DANIEL,150.0,150 PLEASANT ST,PLEASANT ST, ,D,62.0,6.0,4.0,PROFESSOR, ,Democratic Party,male,42.33230715880288,-71.20021127,64625.0,,05JDL0763000,362475077.0,62.0,English/Welsh,,8.0,150 Pleasant St,(617) 396-1160,2.0,,,Democratic,Democratic,Daniel Jackson,0,150 PLEASANT ST,1,MASON-RICE
205059150,64205059150,09MCA2863000,CLAUDIA MARBACH,CLAUDIA,150.0,150 PLEASANT ST,PLEASANT ST, ,D,62.0,6.0,4.0,TEACHER, ,Democratic Party,female,42.33230715880288,-71.20021127,64625.0,,09MCA2863000,362475078.0,61.0,German,,8.0,150 Pleasant St,(617) 817-4878,1.0,,,Democratic,Democratic,Claudia Marbach,0,150 PLEASANT ST,1,MASON-RICE
205059170,64205059170,05OHR2391000,HEATHER OLAFSSON,HEATHER,170.0,170 PLEASANT ST,PLEASANT ST, ,D,34.0,6.0,4.0,TEACHER, ,Democratic Party,female,42.33265346560308,-71.20089761,64626.0,,,,,,,,,,,,,,,,0,,1,MASON-RICE
214865101,32214865101,12SSI1355000,SHARI TISHMAN,SHARI,101.0,101 RUANE RD,RUANE RD, ,D,69.0,3.0,2.0,TEACHER, ,Democratic Party,female,42.340934608902074,-71.23199475,32513.0,,12SSI1355000,362448954.0,69.0,German,,6.0,101 Ruane Rd,(617) 413-5528,2.0,,,Democratic,Democratic,Shari Tishman,0,101 RUANE RD,1,PEIRCE
22586554,3222586554,09KTS0561000,THOMAS KANE,THOMAS,54.0,54 TEMPLE ST,TEMPLE ST, ,D,64.0,3.0,2.0,PROFESSOR, ,Democratic Party,male,42.34453766828428,-71.22757953,32584.0,,,,,,,,,,,,,,,,0,,1,PEIRCE
225865190,32225865190,12KGL2371001,GABRIEL KREIMAN,GABRIEL,190.0,190 TEMPLE ST,TEMPLE ST, ,U,53.0,3.0,2.0,PROFESSOR, , ,male,42.34167079238418,-71.2321062,32572.0,,,,,,,,,,,,,,,,0,,1,PEIRCE
225865212,32225865212,05PAE1480000,ANNETTE MCGEHEE,ANNETTE,212.0,212 TEMPLE ST,TEMPLE ST, ,D,45.0,3.0,2.0,PROFESSOR, ,Democratic Party,female,42.34083291239587,-71.2326041,32576.0,,,,,,,,,,,,,,,,0,,1,PEIRCE
225865227,32225865227,05EER2861000,EINER ELHAUGE,EINER,227.0,227 TEMPLE ST,TEMPLE ST, ,D,64.0,3.0,2.0,PROFESSOR, ,Democratic Party,male,42.34061623742211,-71.23352202,32577.0,,05EER2861000,362449132.0,64.0,,,5.0,227 Temple St,(617) 230-1949,2.0,,,Democratic,Democratic & Independent,Einer Elhauge,0,227 TEMPLE ST,1,PEIRCE
230558125,13230558125,11MEH2285000,ELIZABETH MOSKOWITZ,ELIZABETH,125.0,125 VERNON ST,VERNON ST,1,U,39.0,1.0,3.0,PSYCHOTHERAPIST, , ,female,42.35528516231066,-71.18523163,13443.0,,,,,,,,,,,,,,,,0,,1,UNDERWOOD
230558125,13230558125,11MEN1299000,ETHAN MILLER,ETHAN,125.0,125 VERNON ST,VERNON ST,3,D,25.0,1.0,3.0,TEACHER, ,Democratic Party,male,42.35528516231066,-71.18523163,13443.0,,,,,,,,,,,,,,,,0,,1,UNDERWOOD
23466636,4423466636,05MIE0969000,ISABELLE MATHIEU,ISABELLE,36.0,36 WASHBURN AVE,WASHBURN AVE, ,U,56.0,4.0,4.0,TEACHER, , ,female,42.35082336,-71.24187014,44492.0,,,,,,,,,,,,,,,,0,,1,BURR ELEMENTARY
24296146,6224296146,06CLY0649000,LUCY CALDWELL-STAIR,LUCY,46.0,46 WOODCLIFF RD,WOODCLIFF RD, ,U,76.0,6.0,2.0,TEACHER, , ,female,42.32029629227738,-71.20191534,62669.0,,,,,,,,,,,,,,,,0,,1,COUNTRYSIDE
24296149,6324296149,05BEH2436000,ELIZABETH BARKER,ELIZABETH,49.0,49 WOODCLIFF RD,WOODCLIFF RD, ,D,89.0,6.0,3.0,RETIRED TEACHER, ,Democratic Party,female,42.32011068878921,-71.20234852,63668.0,,05BEH2436000,362473416.0,89.0,English/Welsh,,8.0,49 Woodcliff Rd,,,,,Democratic,Democratic,Elizabeth Barker,0,49 WOODCLIFF RD,1,COUNTRYSIDE
24296162,6224296162,02JJE0768000,JEANNINE JOHNSON,JEANNINE,62.0,62 WOODCLIFF RD,WOODCLIFF RD, ,D,57.0,6.0,2.0,PROFESSOR, ,Democratic Party,female,42.31972664,-71.20177126,62671.0,,02JJE0768000,362471412.0,57.0,English/Welsh,,7.0,62 Woodcliff Rd,(617) 893-9312,3.0,,,Democratic,Democratic & Independent,Jeannine Johnson,0,62 WOODCLIFF RD,1,COUNTRYSIDE
24296162,6224296162,03DEH1764003,ELIZABETH DUGAN,ELIZABETH,62.0,62 WOODCLIFF RD,WOODCLIFF RD, ,U,61.0,6.0,2.0,PROFESSOR, , ,female,42.31972664,-71.20177126,62671.0,,,,,,,,,,,,,,,,0,,1,COUNTRYSIDE
242961113,52242961113,05BRT2446000,ROBERT BILLAGE,ROBERT,113.0,113 WOODCLIFF RD,WOODCLIFF RD, ,U,79.0,5.0,2.0,TEACHER, , ,male,42.31807605466859,-71.20168127,52627.0,,,,,,,,,,,,,,,,0,,1,COUNTRYSIDE
242961161,52242961161,01CEN2351000,EILEEN CHODOS,EILEEN,161.0,161 WOODCLIFF RD,WOODCLIFF RD, ,U,74.0,5.0,2.0,THERAPIST, , ,female,42.31688816380429,-71.20107872,52633.0,,,,,,,,,,,,,,,,0,,1,COUNTRYSIDE
242961165,52242961165,11AEH1360000,ELIZABETH FREED,ELIZABETH,165.0,165 WOODCLIFF RD,WOODCLIFF RD, ,D,64.0,5.0,2.0,PSYCHOLOGIST, ,Democratic Party,female,42.31671755062894,-71.20110027,52634.0,,11AEH1360000,362463603.0,64.0,English/Welsh,,8.0,165 Woodcliff Rd,(617) 412-9234,1.0,,,Democratic,Democratic,Elizabeth Freed,0,165 WOODCLIFF RD,1,COUNTRYSIDE
242961169,52242961169,05MHR1652000,HECTOR MERLIN,HECTOR,169.0,169 WOODCLIFF RD,WOODCLIFF RD, ,D,73.0,5.0,2.0,REHAB COUNSELOR, ,Democratic Party,male,42.31656333970086,-71.20114114,52635.0,,,,,,,,,,,,,,,,0,,1,COUNTRYSIDE
242961175,52242961175,08KMK2861000,MARK KAZAROSIAN,MARK,175.0,175 WOODCLIFF RD,WOODCLIFF RD, ,D,64.0,5.0,2.0,PROFESSOR, ,Democratic Party,male,42.31638745543574,-71.20117866,52636.0,,,,,,,,,,,,,,,,0,,1,COUNTRYSIDE
242961175,52242961175,11KMY1958001,MARY KAZAROSIAN,MARY,175.0,175 WOODCLIFF RD,WOODCLIFF RD, ,D,66.0,5.0,2.0,TEACHER, ,Democratic Party,mostly_female,42.31638745543574,-71.20117866,52636.0,,11KMY1958001,362463606.0,66.0,Armenian,,4.0,175 Woodcliff Rd,(617) 549-8685,3.0,,,Democratic,Democratic & Independent,Mary Kazarosian,0,175 WOODCLIFF RD,1,COUNTRYSIDE
242961180,62242961180,10HCG2474001,CRAIG HORNING,CRAIG,180.0,180 WOODCLIFF RD,WOODCLIFF RD, ,U,51.0,6.0,2.0,EDUCATOR, , ,male,42.31637433917946,-71.20072291,62663.0,,,,,,,,,,,,,,,,0,,1,COUNTRYSIDE
242961249,83242961249,08OKN1266004,KARIN OLSON-SHANNON,KARIN,249.0,249 WOODCLIFF RD,WOODCLIFF RD, ,D,59.0,8.0,3.0,TEACHER, ,Democratic Party,female,42.31372442205148,-71.20097031,83768.0,,08OKN1266004,362486482.0,59.0,Norwegian,,8.0,249 Woodcliff Rd,,,(617) 965-0618,2.0,Democratic,Democratic,Karin Olson-Shannon,0,249 WOODCLIFF RD,1,COUNTRYSIDE
242961272,83242961272,10SLR1474000,LIMOR SALOMON,LIMOR,272.0,272 WOODCLIFF RD,WOODCLIFF RD, ,U,51.0,8.0,3.0,TEACHER, , ,female,42.312967935832454,-71.20031535,83775.0,,,,,,,,,,,,,,,,0,,1,COUNTRYSIDE
242961295,83242961295,05NKR2655000,KUMAR NOCHUR,KUMAR,295.0,295 WOODCLIFF RD,WOODCLIFF RD, ,D,70.0,8.0,3.0,EDUCATOR, ,Democratic Party,male,42.312653603544454,-71.20088436,83780.0,,05NKR2655000,362486495.0,70.0,Indian/Hindu,,5.0,295 Woodcliff Rd,(617) 967-1741,1.0,(617) 244-6394,2.0,Democratic,Democratic,Kumar Nochur,0,295 WOODCLIFF RD,1,COUNTRYSIDE
242961312,83242961312,07TLI2278001,LORI YURGELUN,LORI,312.0,312 WOODCLIFF RD,WOODCLIFF RD, ,D,47.0,8.0,3.0,TEACHER, ,Democratic Party,female,42.312427987908485,-71.20180208,83784.0,,,,,,,,,,,,,,,,0,,1,COUNTRYSIDE
